<?xml version="1.0" encoding="UTF-8"?>
<project-private xmlns="http://www.netbeans.org/ns/project-private/1">
    <editor-bookmarks xmlns="http://www.netbeans.org/ns/editor-bookmarks/2" lastBookmarkId="0"/>
    <open-files xmlns="http://www.netbeans.org/ns/projectui-open-files/2">
        <group>
            <file>file:/home/polinati/NetBeansProjects/metropolia-TX00CF86-3002/week1-000.Sandbox/src/Interpreter.java</file>
            <file>file:/home/polinati/NetBeansProjects/metropolia-TX00CF86-3002/week1-000.Sandbox/src/Application.java</file>
            <file>file:/home/polinati/NetBeansProjects/metropolia-TX00CF86-3002/week1-000.Sandbox/src/Activity.java</file>
            <file>file:/home/polinati/NetBeansProjects/metropolia-TX00CF86-3002/week1-000.Sandbox/src/Descriptions.java</file>
            <file>file:/home/polinati/NetBeansProjects/metropolia-TX00CF86-3002/week1-000.Sandbox/src/Player.java</file>
        </group>
    </open-files>
</project-private>
